market,link,price,name,date,datetime,stock
magi,/items/501647401,500,カエデ U 074/,2023-01-30,2023-01-30 02:28:20,1
magi,/items/896725684,111,カエデ U4枚 07,2023-01-30,2023-01-30 02:28:20,1
magi,/items/101576127,150,カエデ U 074/,2023-01-30,2023-01-30 02:28:20,1
magi,/items/1085670544,200,カエデ U 074/,2023-01-30,2023-01-30 02:28:20,1
magi,/items/890265642,300,カエデ U 074/,2023-01-30,2023-01-30 02:28:20,1
magi,/items/1284734860,280,カエデ U 074/,2023-01-30,2023-01-30 02:28:20,1
magi,/items/599471246,290,カエデ U 074/,2023-01-30,2023-01-30 02:28:20,1
magi,/items/473502692,200,カエデ U 074/,2023-01-30,2023-01-30 02:28:20,1
magi,/items/1022235306,100,カエデ U 074/,2023-01-30,2023-01-30 02:28:20,1
magi,/items/729873377,111,カエデ U4枚 07,2023-01-30,2023-01-30 02:28:20,1
magi,/items/1059762537,100,カエデ U 074/,2023-01-30,2023-01-30 02:28:20,1
magi,/items/2034518545,120,カエデ U 074/,2023-01-30,2023-01-30 02:28:20,1
magi,/items/1293721817,40,ボタン 077/07,2023-01-30,2023-01-30 02:28:20,4
magi,/items/119796762,75,カエデ U 074/,2023-01-30,2023-01-30 02:28:20,4
magi,/items/1595063042,120,カエデ U 074/,2023-01-30,2023-01-30 02:28:20,1
hareruya2,https://www.hareruya2.com/product/26808,50,カエデ(U){サポー,2023-01-30,2023-01-30 02:28:19,59
cardrush,https://www.cardrush-pokemon.jp/product/39341,80,カエデ074/078,2023-01-30,2023-01-30 02:28:18,319
torecolo,/shop/g/g074-078-SV1V-B/,55,【ポケカ】Ｕ◇カエデ,2023-01-30,2023-01-30 02:28:16,18
magi,/items/1059762537,100,カエデ U 074/,2023-01-29,2023-01-29 02:31:16,1
magi,/items/2034518545,120,カエデ U 074/,2023-01-29,2023-01-29 02:31:16,1
magi,/items/119796762,75,カエデ U 074/,2023-01-29,2023-01-29 02:31:16,4
magi,/items/729873377,111,カエデ U4枚 07,2023-01-29,2023-01-29 02:31:16,1
magi,/items/599471246,300,カエデ U 074/,2023-01-29,2023-01-29 02:31:16,1
magi,/items/101576127,150,カエデ U 074/,2023-01-29,2023-01-29 02:31:16,1
magi,/items/1595063042,120,カエデ U 074/,2023-01-29,2023-01-29 02:31:16,1
magi,/items/473502692,200,カエデ U 074/,2023-01-29,2023-01-29 02:31:16,1
magi,/items/896725684,111,カエデ U4枚 07,2023-01-29,2023-01-29 02:31:16,1
magi,/items/1293721817,40,ボタン 077/07,2023-01-29,2023-01-29 02:31:16,4
magi,/items/1284734860,280,カエデ U 074/,2023-01-29,2023-01-29 02:31:16,1
magi,/items/501647401,500,カエデ U 074/,2023-01-29,2023-01-29 02:31:16,1
magi,/items/1022235306,100,カエデ U 074/,2023-01-29,2023-01-29 02:31:16,1
hareruya2,https://www.hareruya2.com/product/26808,50,カエデ(U){サポー,2023-01-29,2023-01-29 02:31:15,60
cardrush,https://www.cardrush-pokemon.jp/product/39341,80,カエデ074/078,2023-01-29,2023-01-29 02:31:14,324
torecolo,/shop/g/g074-078-SV1V-B/,55,【ポケカ】Ｕ◇カエデ,2023-01-29,2023-01-29 02:31:11,18
magi,/items/599471246,300,カエデ U 074/,2023-01-28,2023-01-28 02:28:33,1
magi,/items/896725684,111,カエデ U4枚 07,2023-01-28,2023-01-28 02:28:33,1
magi,/items/473502692,200,カエデ U 074/,2023-01-28,2023-01-28 02:28:33,1
magi,/items/1595063042,120,カエデ U 074/,2023-01-28,2023-01-28 02:28:33,1
magi,/items/2034518545,120,カエデ U 074/,2023-01-28,2023-01-28 02:28:33,1
magi,/items/101576127,150,カエデ U 074/,2023-01-28,2023-01-28 02:28:33,1
magi,/items/119796762,75,カエデ U 074/,2023-01-28,2023-01-28 02:28:33,4
magi,/items/1293721817,40,ボタン 077/07,2023-01-28,2023-01-28 02:28:33,4
magi,/items/729873377,111,カエデ U4枚 07,2023-01-28,2023-01-28 02:28:33,1
magi,/items/1022235306,100,カエデ U 074/,2023-01-28,2023-01-28 02:28:33,1
magi,/items/501647401,500,カエデ U 074/,2023-01-28,2023-01-28 02:28:33,1
magi,/items/1059762537,100,カエデ U 074/,2023-01-28,2023-01-28 02:28:33,1
hareruya2,https://www.hareruya2.com/product/26808,50,カエデ(U){サポー,2023-01-28,2023-01-28 02:28:31,20
cardrush,https://www.cardrush-pokemon.jp/product/39341,80,カエデ074/078,2023-01-28,2023-01-28 02:28:30,327
torecolo,/shop/g/g074-078-SV1V-B/,55,【ポケカ】Ｕ◇カエデ,2023-01-28,2023-01-28 02:28:27,18
magi,/items/119796762,75,カエデ U 074/,2023-01-27,2023-01-27 02:28:43,4
magi,/items/1595063042,120,カエデ U 074/,2023-01-27,2023-01-27 02:28:43,1
magi,/items/729873377,111,カエデ U4枚 07,2023-01-27,2023-01-27 02:28:43,1
magi,/items/101576127,150,カエデ U 074/,2023-01-27,2023-01-27 02:28:43,1
magi,/items/1022235306,100,カエデ U 074/,2023-01-27,2023-01-27 02:28:43,1
magi,/items/896725684,111,カエデ U4枚 07,2023-01-27,2023-01-27 02:28:43,1
magi,/items/501647401,500,カエデ U 074/,2023-01-27,2023-01-27 02:28:43,1
magi,/items/1059762537,100,カエデ U 074/,2023-01-27,2023-01-27 02:28:43,1
magi,/items/2034518545,120,カエデ U 074/,2023-01-27,2023-01-27 02:28:43,1
magi,/items/1293721817,50,ボタン 077/07,2023-01-27,2023-01-27 02:28:43,4
hareruya2,https://www.hareruya2.com/product/26808,50,カエデ(U){サポー,2023-01-27,2023-01-27 02:28:41,20
cardrush,https://www.cardrush-pokemon.jp/product/39341,80,カエデ074/078,2023-01-27,2023-01-27 02:28:40,327
torecolo,/shop/g/g074-078-SV1V-B/,55,【ポケカ】Ｕ◇カエデ,2023-01-27,2023-01-27 02:28:38,18
magi,/items/1293721817,50,ボタン 077/07,2023-01-26,2023-01-26 02:31:08,4
magi,/items/119796762,75,カエデ U 074/,2023-01-26,2023-01-26 02:31:08,4
magi,/items/101576127,150,カエデ U 074/,2023-01-26,2023-01-26 02:31:08,1
magi,/items/1059762537,100,カエデ U 074/,2023-01-26,2023-01-26 02:31:08,1
magi,/items/729873377,111,カエデ U4枚 07,2023-01-26,2023-01-26 02:31:08,1
magi,/items/1595063042,120,カエデ U 074/,2023-01-26,2023-01-26 02:31:08,1
magi,/items/896725684,111,カエデ U4枚 07,2023-01-26,2023-01-26 02:31:08,1
magi,/items/1022235306,100,カエデ U 074/,2023-01-26,2023-01-26 02:31:08,1
magi,/items/2034518545,120,カエデ U 074/,2023-01-26,2023-01-26 02:31:08,1
magi,/items/84962266,100,カエデ U 074/,2023-01-26,2023-01-26 02:31:08,1
hareruya2,https://www.hareruya2.com/product/26808,50,カエデ(U){サポー,2023-01-26,2023-01-26 02:31:06,24
cardrush,https://www.cardrush-pokemon.jp/product/39341,80,カエデ074/078,2023-01-26,2023-01-26 02:31:03,325
torecolo,/shop/g/g074-078-SV1V-B/,55,【ポケカ】Ｕ◇カエデ,2023-01-26,2023-01-26 02:31:00,18
magi,/items/1293721817,55,ボタン 077/07,2023-01-25,2023-01-25 02:27:20,4
magi,/items/2034518545,120,カエデ U 074/,2023-01-25,2023-01-25 02:27:20,1
magi,/items/1595063042,120,カエデ U 074/,2023-01-25,2023-01-25 02:27:20,1
magi,/items/1059762537,100,カエデ U 074/,2023-01-25,2023-01-25 02:27:20,1
magi,/items/101576127,150,カエデ U 074/,2023-01-25,2023-01-25 02:27:20,1
magi,/items/119796762,75,カエデ U 074/,2023-01-25,2023-01-25 02:27:20,4
hareruya2,https://www.hareruya2.com/product/26808,50,カエデ(U){サポー,2023-01-25,2023-01-25 02:27:19,24
cardrush,https://www.cardrush-pokemon.jp/product/39341,80,カエデ074/078,2023-01-25,2023-01-25 02:27:18,338
torecolo,/shop/g/g074-078-SV1V-B/,55,【ポケカ】Ｕ◇カエデ,2023-01-25,2023-01-25 02:27:16,18
magi,/items/1293721817,50,ボタン 077/07,2023-01-24,2023-01-24 02:26:38,4
magi,/items/119796762,75,カエデ U 074/,2023-01-24,2023-01-24 02:26:38,4
magi,/items/1059762537,100,カエデ U 074/,2023-01-24,2023-01-24 02:26:38,1
magi,/items/2034518545,120,カエデ U 074/,2023-01-24,2023-01-24 02:26:38,1
magi,/items/1595063042,120,カエデ U 074/,2023-01-24,2023-01-24 02:26:38,1
magi,/items/101576127,150,カエデ U 074/,2023-01-24,2023-01-24 02:26:38,1
hareruya2,https://www.hareruya2.com/product/26808,50,カエデ(U){サポー,2023-01-24,2023-01-24 02:26:37,27
cardrush,https://www.cardrush-pokemon.jp/product/39341,80,カエデ074/078,2023-01-24,2023-01-24 02:26:36,346
torecolo,/shop/g/g074-078-SV1V-B/,55,【ポケカ】Ｕ◇カエデ,2023-01-24,2023-01-24 02:26:35,18
magi,/items/1059762537,100,カエデ U 074/,2023-01-23,2023-01-23 02:27:52,1
magi,/items/2034518545,120,カエデ U 074/,2023-01-23,2023-01-23 02:27:52,1
magi,/items/1293721817,50,ボタン 077/07,2023-01-23,2023-01-23 02:27:52,4
magi,/items/101576127,150,カエデ U 074/,2023-01-23,2023-01-23 02:27:52,1
magi,/items/1595063042,120,カエデ U 074/,2023-01-23,2023-01-23 02:27:52,1
magi,/items/119796762,75,カエデ U 074/,2023-01-23,2023-01-23 02:27:52,4
hareruya2,https://www.hareruya2.com/product/26808,50,カエデ(U){サポー,2023-01-23,2023-01-23 02:27:51,27
cardrush,https://www.cardrush-pokemon.jp/product/39341,80,カエデ074/078,2023-01-23,2023-01-23 02:27:49,330
torecolo,/shop/g/g074-078-SV1V-B/,55,【ポケカ】Ｕ◇カエデ,2023-01-23,2023-01-23 02:27:47,14
